,interval_start,annotation
0,0.0,tremor
1,0.5,tremor
2,1.0,tremor
3,1.5,tremor
4,2.0,tremor
5,2.5,tremor
6,3.0,tremor
7,3.5,tremor
8,4.0,tremor
9,4.5,tremor
10,5.0,tremor
11,5.5,tremor
12,6.0,tremor
13,6.5,tremor
14,7.0,tremor
15,7.5,tremor
16,8.0,tremor
17,8.5,tremor
18,9.0,tremor
19,9.5,tremor
20,10.0,no_tremor
21,10.5,tremor
22,11.0,tremor
23,11.5,tremor
24,12.0,tremor
25,12.5,tremor
26,13.0,tremor
27,13.5,tremor
28,14.0,no_tremor
29,14.5,tremor
30,15.0,no_tremor
31,15.5,tremor
32,16.0,tremor
33,16.5,tremor
34,17.0,tremor
35,17.5,tremor
36,18.0,tremor
37,18.5,tremor
38,19.0,tremor
39,19.5,tremor
40,20.0,tremor
41,20.5,tremor
42,21.0,tremor
43,21.5,tremor
44,22.0,tremor
45,22.5,tremor
46,23.0,tremor
47,23.5,no_tremor
48,24.0,no_tremor
49,24.5,no_tremor
50,25.0,no_tremor
51,25.5,no_tremor
52,26.0,tremor
53,26.5,tremor
54,27.0,no_tremor
55,27.5,tremor
56,28.0,no_tremor
57,28.5,tremor
58,29.0,tremor
59,29.5,no_tremor
60,30.0,tremor
61,30.5,no_tremor
62,31.0,no_tremor
63,31.5,no_tremor
64,32.0,no_tremor
65,32.5,no_tremor
66,33.0,tremor
67,33.5,no_tremor
68,34.0,tremor
69,34.5,no_tremor
70,35.0,no_tremor
71,35.5,tremor
72,36.0,tremor
73,36.5,tremor
74,37.0,tremor
75,37.5,no_tremor
76,38.0,no_tremor
77,38.5,tremor
78,39.0,tremor
79,39.5,tremor
80,40.0,no_tremor
81,40.5,no_tremor
82,41.0,no_tremor
83,41.5,no_tremor
84,42.0,no_tremor
85,42.5,no_tremor
86,43.0,no_tremor
87,43.5,no_tremor
88,44.0,no_tremor
89,44.5,no_tremor
90,45.0,no_tremor
91,45.5,no_tremor
92,46.0,no_tremor
93,46.5,no_tremor
94,47.0,no_tremor
95,47.5,no_tremor
96,48.0,no_tremor
97,48.5,no_tremor
98,49.0,no_tremor
99,49.5,no_tremor
100,50.0,no_tremor
101,50.5,no_tremor
102,51.0,no_tremor
103,51.5,no_tremor
104,52.0,no_tremor
105,52.5,no_tremor
106,53.0,no_tremor
107,53.5,tremor
108,54.0,tremor
109,54.5,tremor
110,55.0,tremor
111,55.5,tremor
112,56.0,no_tremor
113,56.5,no_tremor
114,57.0,no_tremor
115,57.5,tremor
116,58.0,tremor
117,58.5,no_tremor
118,59.0,no_tremor
119,59.5,no_tremor
120,60.0,no_tremor
121,60.5,no_tremor
122,61.0,no_tremor
123,61.5,no_tremor
124,62.0,tremor
125,62.5,tremor
126,63.0,no_tremor
127,63.5,no_tremor
128,64.0,no_tremor
129,64.5,no_tremor
130,65.0,tremor
131,65.5,no_tremor
132,66.0,tremor
133,66.5,tremor
134,67.0,no_tremor
135,67.5,no_tremor
136,68.0,no_tremor
137,68.5,no_tremor
138,69.0,no_tremor
139,69.5,no_tremor
140,70.0,tremor
141,70.5,tremor
142,71.0,no_tremor
143,71.5,no_tremor
144,72.0,no_tremor
145,72.5,tremor
146,73.0,no_tremor
147,73.5,no_tremor
148,74.0,no_tremor
149,74.5,no_tremor
150,75.0,no_tremor
151,75.5,no_tremor
152,76.0,no_tremor
153,76.5,no_tremor
154,77.0,no_tremor
155,77.5,no_tremor
156,78.0,no_tremor
157,78.5,no_tremor
158,79.0,no_tremor
159,79.5,no_tremor
160,80.0,no_tremor
161,80.5,no_tremor
162,81.0,tremor
163,81.5,no_tremor
164,82.0,no_tremor
165,82.5,tremor
166,83.0,no_tremor
167,83.5,tremor
168,84.0,no_tremor
169,84.5,no_tremor
170,85.0,no_tremor
171,85.5,no_tremor
172,86.0,no_tremor
173,86.5,tremor
174,87.0,tremor
175,87.5,tremor
176,88.0,no_tremor
177,88.5,no_tremor
178,89.0,no_tremor
179,89.5,no_tremor
180,90.0,no_tremor
181,90.5,no_tremor
182,91.0,no_tremor
183,91.5,tremor
184,92.0,no_tremor
185,92.5,no_tremor
186,93.0,no_tremor
187,93.5,no_tremor
188,94.0,no_tremor
189,94.5,no_tremor
190,95.0,no_tremor
191,95.5,tremor
192,96.0,tremor
193,96.5,tremor
194,97.0,tremor
195,97.5,no_tremor
196,98.0,no_tremor
197,98.5,tremor
198,99.0,tremor
199,99.5,no_tremor
200,100.0,no_tremor
201,100.5,no_tremor
202,101.0,no_tremor
203,101.5,no_tremor
204,102.0,no_tremor
205,102.5,no_tremor
206,103.0,tremor
207,103.5,tremor
208,104.0,tremor
209,104.5,tremor
210,105.0,tremor
211,105.5,tremor
212,106.0,tremor
213,106.5,tremor
214,107.0,tremor
215,107.5,tremor
216,108.0,tremor
217,108.5,tremor
218,109.0,tremor
219,109.5,tremor
220,110.0,tremor
221,110.5,tremor
222,111.0,tremor
223,111.5,tremor
224,112.0,no_tremor
225,112.5,no_tremor
226,113.0,tremor
227,113.5,no_tremor
228,114.0,tremor
229,114.5,tremor
230,115.0,tremor
231,115.5,tremor
232,116.0,tremor
233,116.5,tremor
234,117.0,tremor
235,117.5,tremor
236,118.0,tremor
237,118.5,tremor
238,119.0,tremor
239,119.5,no_tremor
240,120.0,tremor
241,120.5,tremor
242,121.0,no_tremor
243,121.5,no_tremor
244,122.0,no_tremor
245,122.5,no_tremor
246,123.0,no_tremor
247,123.5,no_tremor
248,124.0,no_tremor
249,124.5,no_tremor
250,125.0,tremor
251,125.5,tremor
252,126.0,tremor
253,126.5,tremor
254,127.0,no_tremor
255,127.5,no_tremor
256,128.0,tremor
257,128.5,no_tremor
258,129.0,no_tremor
259,129.5,no_tremor
260,130.0,no_tremor
261,130.5,tremor
262,131.0,tremor
263,131.5,tremor
264,132.0,tremor
265,132.5,tremor
266,133.0,tremor
267,133.5,tremor
268,134.0,tremor
269,134.5,tremor
270,135.0,tremor
271,135.5,no_tremor
272,136.0,no_tremor
273,136.5,tremor
274,137.0,no_tremor
275,137.5,no_tremor
276,138.0,no_tremor
277,138.5,no_tremor
278,139.0,tremor
279,139.5,no_tremor
280,140.0,no_tremor
281,140.5,no_tremor
282,141.0,no_tremor
283,141.5,no_tremor
284,142.0,no_tremor
285,142.5,tremor
286,143.0,no_tremor
287,143.5,no_tremor
288,144.0,tremor
289,144.5,no_tremor
290,145.0,no_tremor
291,145.5,tremor
292,146.0,tremor
293,146.5,tremor
294,147.0,tremor
295,147.5,tremor
296,148.0,tremor
297,148.5,tremor
298,149.0,tremor
299,149.5,tremor
300,150.0,no_tremor
301,150.5,no_tremor
302,151.0,no_tremor
303,151.5,no_tremor
304,152.0,no_tremor
305,152.5,no_tremor
306,153.0,no_tremor
307,153.5,no_tremor
308,154.0,no_tremor
309,154.5,tremor
310,155.0,tremor
311,155.5,tremor
312,156.0,tremor
313,156.5,no_tremor
314,157.0,tremor
315,157.5,no_tremor
316,158.0,no_tremor
317,158.5,no_tremor
318,159.0,tremor
319,159.5,tremor
320,160.0,tremor
321,160.5,tremor
322,161.0,no_tremor
323,161.5,tremor
324,162.0,tremor
325,162.5,tremor
326,163.0,tremor
327,163.5,tremor
328,164.0,no_tremor
329,164.5,no_tremor
330,165.0,no_tremor
331,165.5,no_tremor
332,166.0,no_tremor
333,166.5,no_tremor
334,167.0,no_tremor
335,167.5,no_tremor
336,168.0,tremor
337,168.5,no_tremor
338,169.0,no_tremor
339,169.5,no_tremor
340,170.0,no_tremor
341,170.5,no_tremor
342,171.0,no_tremor
343,171.5,no_tremor
344,172.0,no_tremor
345,172.5,no_tremor
346,173.0,tremor
347,173.5,no_tremor
348,174.0,no_tremor
349,174.5,no_tremor
350,175.0,no_tremor
351,175.5,no_tremor
352,176.0,no_tremor
353,176.5,no_tremor
354,177.0,no_tremor
355,177.5,no_tremor
356,178.0,no_tremor
357,178.5,no_tremor
358,179.0,no_tremor
359,179.5,tremor
360,180.0,tremor
361,180.5,no_tremor
362,181.0,tremor
363,181.5,tremor
364,182.0,tremor
365,182.5,tremor
366,183.0,tremor
367,183.5,tremor
368,184.0,tremor
369,184.5,no_tremor
370,185.0,no_tremor
371,185.5,no_tremor
372,186.0,no_tremor
373,186.5,no_tremor
374,187.0,no_tremor
375,187.5,no_tremor
376,188.0,no_tremor
377,188.5,tremor
378,189.0,tremor
379,189.5,tremor
380,190.0,no_tremor
381,190.5,no_tremor
382,191.0,tremor
383,191.5,tremor
384,192.0,tremor
385,192.5,tremor
386,193.0,tremor
387,193.5,tremor
388,194.0,tremor
389,194.5,tremor
390,195.0,tremor
391,195.5,tremor
392,196.0,tremor
393,196.5,no_tremor
394,197.0,tremor
395,197.5,tremor
396,198.0,tremor
397,198.5,tremor
398,199.0,tremor
399,199.5,tremor
400,200.0,no_tremor
401,200.5,no_tremor
402,201.0,tremor
403,201.5,no_tremor
404,202.0,no_tremor
405,202.5,no_tremor
406,203.0,no_tremor
407,203.5,no_tremor
408,204.0,no_tremor
409,204.5,no_tremor
410,205.0,no_tremor
411,205.5,no_tremor
412,206.0,no_tremor
413,206.5,no_tremor
414,207.0,tremor
415,207.5,no_tremor
416,208.0,no_tremor
417,208.5,no_tremor
418,209.0,no_tremor
419,209.5,no_tremor
420,210.0,no_tremor
421,210.5,no_tremor
422,211.0,no_tremor
423,211.5,no_tremor
424,212.0,no_tremor
425,212.5,no_tremor
426,213.0,no_tremor
427,213.5,no_tremor
428,214.0,no_tremor
429,214.5,no_tremor
430,215.0,no_tremor
431,215.5,no_tremor
432,216.0,no_tremor
433,216.5,no_tremor
434,217.0,no_tremor
435,217.5,no_tremor
436,218.0,no_tremor
437,218.5,no_tremor
438,219.0,no_tremor
439,219.5,no_tremor
440,220.0,no_tremor
441,220.5,no_tremor
442,221.0,no_tremor
443,221.5,no_tremor
444,222.0,no_tremor
445,222.5,no_tremor
446,223.0,no_tremor
447,223.5,no_tremor
448,224.0,no_tremor
449,224.5,no_tremor
450,225.0,no_tremor
451,225.5,no_tremor
452,226.0,no_tremor
453,226.5,no_tremor
454,227.0,no_tremor
455,227.5,no_tremor
456,228.0,no_tremor
457,228.5,no_tremor
458,229.0,no_tremor
459,229.5,no_tremor
460,230.0,no_tremor
461,230.5,no_tremor
462,231.0,no_tremor
463,231.5,no_tremor
464,232.0,no_tremor
465,232.5,no_tremor
466,233.0,no_tremor
467,233.5,no_tremor
468,234.0,no_tremor
469,234.5,no_tremor
470,235.0,no_tremor
471,235.5,no_tremor
472,236.0,no_tremor
473,236.5,no_tremor
474,237.0,no_tremor
475,237.5,no_tremor
476,238.0,no_tremor
477,238.5,no_tremor
478,239.0,no_tremor
479,239.5,no_tremor
480,240.0,no_tremor
481,240.5,tremor
482,241.0,no_tremor
483,241.5,no_tremor
484,242.0,no_tremor
485,242.5,no_tremor
486,243.0,tremor
487,243.5,no_tremor
488,244.0,no_tremor
489,244.5,no_tremor
490,245.0,no_tremor
491,245.5,no_tremor
492,246.0,no_tremor
493,246.5,no_tremor
494,247.0,no_tremor
495,247.5,no_tremor
496,248.0,no_tremor
497,248.5,no_tremor
498,249.0,no_tremor
499,249.5,no_tremor
500,250.0,no_tremor
501,250.5,no_tremor
502,251.0,no_tremor
503,251.5,no_tremor
504,252.0,no_tremor
505,252.5,no_tremor
506,253.0,no_tremor
507,253.5,no_tremor
508,254.0,no_tremor
509,254.5,no_tremor
510,255.0,no_tremor
511,255.5,no_tremor
512,256.0,no_tremor
513,256.5,tremor
514,257.0,tremor
515,257.5,no_tremor
516,258.0,no_tremor
517,258.5,no_tremor
518,259.0,no_tremor
519,259.5,no_tremor
520,260.0,no_tremor
521,260.5,no_tremor
522,261.0,no_tremor
523,261.5,no_tremor
524,262.0,no_tremor
525,262.5,no_tremor
526,263.0,no_tremor
527,263.5,no_tremor
528,264.0,no_tremor
529,264.5,no_tremor
530,265.0,no_tremor
531,265.5,no_tremor
532,266.0,no_tremor
533,266.5,no_tremor
534,267.0,no_tremor
535,267.5,no_tremor
536,268.0,no_tremor
537,268.5,tremor
538,269.0,tremor
539,269.5,tremor
540,270.0,no_tremor
541,270.5,tremor
542,271.0,no_tremor
543,271.5,tremor
544,272.0,tremor
545,272.5,tremor
546,273.0,tremor
547,273.5,no_tremor
548,274.0,no_tremor
549,274.5,no_tremor
550,275.0,no_tremor
551,275.5,no_tremor
552,276.0,no_tremor
553,276.5,tremor
554,277.0,no_tremor
555,277.5,no_tremor
556,278.0,no_tremor
557,278.5,no_tremor
558,279.0,no_tremor
559,279.5,no_tremor
560,280.0,no_tremor
561,280.5,no_tremor
562,281.0,no_tremor
563,281.5,no_tremor
564,282.0,no_tremor
565,282.5,no_tremor
566,283.0,no_tremor
567,283.5,no_tremor
568,284.0,tremor
569,284.5,no_tremor
570,285.0,no_tremor
571,285.5,no_tremor
572,286.0,no_tremor
573,286.5,tremor
574,287.0,no_tremor
575,287.5,tremor
576,288.0,tremor
577,288.5,tremor
578,289.0,tremor
579,289.5,tremor
580,290.0,no_tremor
581,290.5,tremor
582,291.0,tremor
583,291.5,tremor
584,292.0,tremor
585,292.5,tremor
586,293.0,tremor
587,293.5,no_tremor
588,294.0,no_tremor
589,294.5,tremor
590,295.0,no_tremor
591,295.5,no_tremor
592,296.0,no_tremor
593,296.5,no_tremor
594,297.0,no_tremor
595,297.5,no_tremor
596,298.0,no_tremor
597,298.5,no_tremor
598,299.0,no_tremor
599,299.5,no_tremor
600,300.0,no_tremor
601,300.5,no_tremor
602,301.0,no_tremor
603,301.5,no_tremor
604,302.0,no_tremor
605,302.5,no_tremor
606,303.0,no_tremor
607,303.5,no_tremor
608,304.0,no_tremor
609,304.5,no_tremor
610,305.0,no_tremor
611,305.5,tremor
612,306.0,no_tremor
613,306.5,tremor
614,307.0,no_tremor
615,307.5,tremor
616,308.0,tremor
617,308.5,tremor
618,309.0,no_tremor
619,309.5,tremor
620,310.0,no_tremor
621,310.5,no_tremor
622,311.0,no_tremor
623,311.5,no_tremor
624,312.0,no_tremor
625,312.5,no_tremor
626,313.0,no_tremor
627,313.5,tremor
628,314.0,tremor
629,314.5,no_tremor
630,315.0,no_tremor
631,315.5,tremor
632,316.0,tremor
633,316.5,tremor
634,317.0,tremor
635,317.5,tremor
636,318.0,tremor
637,318.5,tremor
638,319.0,tremor
639,319.5,no_tremor
640,320.0,tremor
641,320.5,no_tremor
642,321.0,no_tremor
643,321.5,tremor
644,322.0,no_tremor
645,322.5,tremor
646,323.0,tremor
647,323.5,no_tremor
648,324.0,no_tremor
649,324.5,no_tremor
650,325.0,no_tremor
651,325.5,tremor
652,326.0,tremor
653,326.5,tremor
654,327.0,tremor
655,327.5,tremor
656,328.0,tremor
657,328.5,tremor
658,329.0,tremor
659,329.5,no_tremor
660,330.0,tremor
661,330.5,no_tremor
662,331.0,no_tremor
663,331.5,no_tremor
664,332.0,no_tremor
665,332.5,no_tremor
666,333.0,no_tremor
667,333.5,no_tremor
668,334.0,no_tremor
669,334.5,no_tremor
670,335.0,no_tremor
671,335.5,no_tremor
672,336.0,no_tremor
673,336.5,no_tremor
674,337.0,no_tremor
675,337.5,no_tremor
676,338.0,no_tremor
677,338.5,no_tremor
678,339.0,no_tremor
679,339.5,no_tremor
680,340.0,no_tremor
681,340.5,no_tremor
682,341.0,no_tremor
683,341.5,no_tremor
684,342.0,no_tremor
685,342.5,no_tremor
686,343.0,no_tremor
687,343.5,no_tremor
688,344.0,no_tremor
689,344.5,no_tremor
690,345.0,no_tremor
691,345.5,no_tremor
692,346.0,no_tremor
693,346.5,no_tremor
694,347.0,no_tremor
695,347.5,no_tremor
696,348.0,tremor
697,348.5,tremor
698,349.0,tremor
699,349.5,tremor
700,350.0,tremor
701,350.5,no_tremor
702,351.0,tremor
703,351.5,tremor
704,352.0,tremor
705,352.5,no_tremor
706,353.0,no_tremor
707,353.5,no_tremor
708,354.0,no_tremor
709,354.5,no_tremor
710,355.0,no_tremor
711,355.5,no_tremor
712,356.0,no_tremor
713,356.5,no_tremor
714,357.0,no_tremor
715,357.5,tremor
716,358.0,tremor
717,358.5,tremor
718,359.0,tremor
719,359.5,tremor
720,360.0,tremor
721,360.5,tremor
722,361.0,no_tremor
723,361.5,no_tremor
724,362.0,no_tremor
725,362.5,no_tremor
726,363.0,tremor
727,363.5,tremor
728,364.0,tremor
729,364.5,tremor
730,365.0,tremor
731,365.5,tremor
732,366.0,tremor
733,366.5,tremor
734,367.0,tremor
735,367.5,no_tremor
736,368.0,no_tremor
737,368.5,no_tremor
738,369.0,no_tremor
739,369.5,no_tremor
740,370.0,no_tremor
741,370.5,no_tremor
742,371.0,no_tremor
743,371.5,no_tremor
744,372.0,no_tremor
745,372.5,no_tremor
746,373.0,no_tremor
747,373.5,no_tremor
748,374.0,no_tremor
749,374.5,no_tremor
750,375.0,no_tremor
751,375.5,no_tremor
752,376.0,no_tremor
753,376.5,no_tremor
754,377.0,no_tremor
755,377.5,no_tremor
756,378.0,no_tremor
757,378.5,no_tremor
758,379.0,no_tremor
759,379.5,no_tremor
760,380.0,no_tremor
761,380.5,no_tremor
762,381.0,no_tremor
763,381.5,no_tremor
764,382.0,no_tremor
765,382.5,no_tremor
766,383.0,no_tremor
767,383.5,no_tremor
768,384.0,no_tremor
769,384.5,no_tremor
770,385.0,no_tremor
771,385.5,no_tremor
772,386.0,tremor
773,386.5,no_tremor
774,387.0,no_tremor
775,387.5,tremor
776,388.0,tremor
777,388.5,no_tremor
778,389.0,no_tremor
779,389.5,no_tremor
780,390.0,tremor
781,390.5,tremor
782,391.0,no_tremor
783,391.5,tremor
784,392.0,tremor
785,392.5,tremor
786,393.0,no_tremor
787,393.5,tremor
788,394.0,no_tremor
789,394.5,tremor
790,395.0,no_tremor
791,395.5,no_tremor
792,396.0,no_tremor
793,396.5,no_tremor
794,397.0,no_tremor
795,397.5,no_tremor
796,398.0,no_tremor
797,398.5,no_tremor
798,399.0,no_tremor
799,399.5,tremor
800,400.0,no_tremor
801,400.5,no_tremor
802,401.0,no_tremor
803,401.5,tremor
804,402.0,no_tremor
805,402.5,no_tremor
806,403.0,tremor
807,403.5,no_tremor
808,404.0,no_tremor
809,404.5,no_tremor
810,405.0,no_tremor
811,405.5,no_tremor
812,406.0,no_tremor
813,406.5,no_tremor
814,407.0,tremor
815,407.5,no_tremor
816,408.0,no_tremor
817,408.5,no_tremor
818,409.0,no_tremor
819,409.5,no_tremor
820,410.0,no_tremor
821,410.5,no_tremor
822,411.0,no_tremor
823,411.5,no_tremor
824,412.0,tremor
825,412.5,no_tremor
826,413.0,no_tremor
827,413.5,no_tremor
828,414.0,tremor
829,414.5,no_tremor
830,415.0,no_tremor
831,415.5,no_tremor
832,416.0,no_tremor
833,416.5,tremor
834,417.0,tremor
835,417.5,tremor
836,418.0,tremor
837,418.5,tremor
838,419.0,tremor
839,419.5,no_tremor
840,420.0,no_tremor
841,420.5,tremor
842,421.0,tremor
843,421.5,tremor
844,422.0,tremor
845,422.5,tremor
846,423.0,no_tremor
847,423.5,tremor
848,424.0,tremor
849,424.5,tremor
850,425.0,tremor
851,425.5,no_tremor
852,426.0,tremor
853,426.5,tremor
854,427.0,tremor
855,427.5,tremor
856,428.0,tremor
857,428.5,tremor
858,429.0,no_tremor
859,429.5,no_tremor
860,430.0,tremor
861,430.5,no_tremor
862,431.0,no_tremor
863,431.5,tremor
864,432.0,no_tremor
865,432.5,no_tremor
866,433.0,no_tremor
867,433.5,tremor
868,434.0,no_tremor
869,434.5,no_tremor
870,435.0,tremor
871,435.5,no_tremor
872,436.0,no_tremor
873,436.5,no_tremor
874,437.0,tremor
875,437.5,tremor
876,438.0,no_tremor
877,438.5,no_tremor
878,439.0,no_tremor
879,439.5,no_tremor
880,440.0,no_tremor
881,440.5,no_tremor
882,441.0,no_tremor
883,441.5,tremor
884,442.0,no_tremor
885,442.5,tremor
886,443.0,no_tremor
887,443.5,tremor
888,444.0,tremor
889,444.5,no_tremor
890,445.0,no_tremor
891,445.5,tremor
892,446.0,tremor
893,446.5,tremor
894,447.0,tremor
895,447.5,tremor
896,448.0,tremor
897,448.5,tremor
898,449.0,no_tremor
899,449.5,no_tremor
900,450.0,no_tremor
901,450.5,no_tremor
902,451.0,no_tremor
903,451.5,no_tremor
904,452.0,no_tremor
905,452.5,no_tremor
906,453.0,no_tremor
907,453.5,no_tremor
908,454.0,no_tremor
909,454.5,no_tremor
910,455.0,no_tremor
911,455.5,no_tremor
912,456.0,tremor
913,456.5,no_tremor
914,457.0,tremor
915,457.5,no_tremor
916,458.0,no_tremor
917,458.5,no_tremor
918,459.0,no_tremor
919,459.5,no_tremor
920,460.0,tremor
921,460.5,no_tremor
922,461.0,no_tremor
923,461.5,no_tremor
924,462.0,no_tremor
925,462.5,no_tremor
926,463.0,no_tremor
927,463.5,no_tremor
928,464.0,no_tremor
929,464.5,no_tremor
930,465.0,no_tremor
931,465.5,no_tremor
932,466.0,no_tremor
933,466.5,no_tremor
934,467.0,no_tremor
935,467.5,no_tremor
936,468.0,no_tremor
937,468.5,no_tremor
938,469.0,no_tremor
939,469.5,no_tremor
940,470.0,no_tremor
941,470.5,no_tremor
942,471.0,no_tremor
943,471.5,no_tremor
944,472.0,no_tremor
945,472.5,no_tremor
946,473.0,no_tremor
947,473.5,tremor
948,474.0,no_tremor
949,474.5,no_tremor
950,475.0,no_tremor
951,475.5,no_tremor
952,476.0,no_tremor
953,476.5,no_tremor
954,477.0,no_tremor
955,477.5,no_tremor
956,478.0,no_tremor
957,478.5,no_tremor
958,479.0,tremor
959,479.5,tremor
960,480.0,no_tremor
961,480.5,no_tremor
962,481.0,tremor
963,481.5,no_tremor
964,482.0,no_tremor
965,482.5,no_tremor
966,483.0,no_tremor
967,483.5,no_tremor
968,484.0,no_tremor
969,484.5,no_tremor
970,485.0,no_tremor
971,485.5,no_tremor
972,486.0,no_tremor
973,486.5,no_tremor
974,487.0,no_tremor
975,487.5,no_tremor
976,488.0,tremor
977,488.5,tremor
978,489.0,no_tremor
979,489.5,no_tremor
980,490.0,no_tremor
981,490.5,no_tremor
982,491.0,no_tremor
983,491.5,no_tremor
984,492.0,no_tremor
985,492.5,tremor
986,493.0,tremor
987,493.5,tremor
988,494.0,tremor
989,494.5,tremor
990,495.0,tremor
991,495.5,no_tremor
992,496.0,tremor
993,496.5,no_tremor
994,497.0,no_tremor
995,497.5,no_tremor
996,498.0,no_tremor
997,498.5,no_tremor
998,499.0,tremor
999,499.5,tremor
1000,500.0,no_tremor
1001,500.5,no_tremor
1002,501.0,no_tremor
1003,501.5,no_tremor
1004,502.0,no_tremor
1005,502.5,no_tremor
1006,503.0,no_tremor
1007,503.5,no_tremor
1008,504.0,tremor
1009,504.5,no_tremor
1010,505.0,tremor
1011,505.5,no_tremor
1012,506.0,no_tremor
1013,506.5,no_tremor
1014,507.0,no_tremor
1015,507.5,no_tremor
1016,508.0,no_tremor
1017,508.5,no_tremor
1018,509.0,tremor
1019,509.5,tremor
1020,510.0,no_tremor
1021,510.5,no_tremor
1022,511.0,no_tremor
1023,511.5,no_tremor
1024,512.0,no_tremor
1025,512.5,no_tremor
1026,513.0,no_tremor
1027,513.5,no_tremor
1028,514.0,no_tremor
1029,514.5,no_tremor
1030,515.0,no_tremor
1031,515.5,tremor
1032,516.0,no_tremor
1033,516.5,tremor
1034,517.0,tremor
1035,517.5,tremor
1036,518.0,tremor
1037,518.5,tremor
1038,519.0,tremor
1039,519.5,tremor
1040,520.0,tremor
1041,520.5,tremor
1042,521.0,tremor
1043,521.5,tremor
1044,522.0,tremor
1045,522.5,tremor
1046,523.0,tremor
1047,523.5,tremor
1048,524.0,no_tremor
1049,524.5,no_tremor
1050,525.0,no_tremor
1051,525.5,tremor
1052,526.0,no_tremor
1053,526.5,tremor
1054,527.0,tremor
1055,527.5,tremor
1056,528.0,tremor
1057,528.5,tremor
1058,529.0,no_tremor
1059,529.5,tremor
1060,530.0,tremor
1061,530.5,tremor
1062,531.0,no_tremor
1063,531.5,tremor
1064,532.0,tremor
1065,532.5,tremor
1066,533.0,tremor
1067,533.5,no_tremor
1068,534.0,tremor
1069,534.5,tremor
1070,535.0,tremor
1071,535.5,tremor
1072,536.0,tremor
1073,536.5,tremor
1074,537.0,tremor
1075,537.5,tremor
1076,538.0,tremor
1077,538.5,tremor
1078,539.0,tremor
1079,539.5,no_tremor
1080,540.0,no_tremor
1081,540.5,no_tremor
1082,541.0,tremor
1083,541.5,tremor
1084,542.0,no_tremor
1085,542.5,no_tremor
1086,543.0,no_tremor
1087,543.5,no_tremor
1088,544.0,no_tremor
1089,544.5,no_tremor
1090,545.0,no_tremor
1091,545.5,no_tremor
1092,546.0,no_tremor
1093,546.5,no_tremor
1094,547.0,no_tremor
1095,547.5,no_tremor
1096,548.0,no_tremor
1097,548.5,no_tremor
1098,549.0,no_tremor
1099,549.5,no_tremor
1100,550.0,no_tremor
1101,550.5,no_tremor
1102,551.0,no_tremor
1103,551.5,no_tremor
1104,552.0,no_tremor
1105,552.5,no_tremor
1106,553.0,no_tremor
1107,553.5,no_tremor
1108,554.0,no_tremor
1109,554.5,no_tremor
1110,555.0,tremor
1111,555.5,tremor
1112,556.0,no_tremor
1113,556.5,tremor
1114,557.0,tremor
1115,557.5,tremor
1116,558.0,tremor
1117,558.5,tremor
1118,559.0,tremor
1119,559.5,tremor
1120,560.0,tremor
1121,560.5,no_tremor
1122,561.0,tremor
1123,561.5,tremor
1124,562.0,tremor
1125,562.5,tremor
1126,563.0,tremor
1127,563.5,tremor
1128,564.0,no_tremor
1129,564.5,tremor
1130,565.0,tremor
1131,565.5,tremor
1132,566.0,tremor
1133,566.5,no_tremor
1134,567.0,tremor
1135,567.5,no_tremor
1136,568.0,no_tremor
1137,568.5,tremor
1138,569.0,tremor
1139,569.5,tremor
1140,570.0,no_tremor
1141,570.5,no_tremor
1142,571.0,no_tremor
1143,571.5,no_tremor
1144,572.0,no_tremor
1145,572.5,no_tremor
1146,573.0,tremor
1147,573.5,tremor
1148,574.0,tremor
1149,574.5,tremor
1150,575.0,tremor
1151,575.5,no_tremor
1152,576.0,no_tremor
1153,576.5,tremor
1154,577.0,tremor
1155,577.5,tremor
1156,578.0,no_tremor
1157,578.5,tremor
1158,579.0,tremor
1159,579.5,tremor
1160,580.0,tremor
1161,580.5,tremor
1162,581.0,tremor
1163,581.5,tremor
1164,582.0,tremor
1165,582.5,tremor
1166,583.0,tremor
1167,583.5,tremor
1168,584.0,tremor
1169,584.5,tremor
1170,585.0,tremor
1171,585.5,tremor
1172,586.0,tremor
1173,586.5,tremor
1174,587.0,tremor
1175,587.5,tremor
1176,588.0,tremor
1177,588.5,tremor
1178,589.0,no_tremor
1179,589.5,no_tremor
1180,590.0,no_tremor
1181,590.5,no_tremor
1182,591.0,no_tremor
1183,591.5,no_tremor
1184,592.0,no_tremor
1185,592.5,no_tremor
1186,593.0,tremor
1187,593.5,no_tremor
1188,594.0,no_tremor
1189,594.5,no_tremor
1190,595.0,no_tremor
1191,595.5,no_tremor
1192,596.0,no_tremor
1193,596.5,no_tremor
1194,597.0,no_tremor
1195,597.5,tremor
1196,598.0,no_tremor
1197,598.5,no_tremor
1198,599.0,no_tremor
1199,599.5,no_tremor
1200,600.0,no_tremor
1201,600.5,no_tremor
1202,601.0,no_tremor
1203,601.5,no_tremor
1204,602.0,no_tremor
1205,602.5,no_tremor
1206,603.0,no_tremor
1207,603.5,no_tremor
1208,604.0,no_tremor
1209,604.5,no_tremor
1210,605.0,tremor
1211,605.5,tremor
1212,606.0,tremor
1213,606.5,no_tremor
1214,607.0,tremor
1215,607.5,no_tremor
1216,608.0,tremor
1217,608.5,tremor
1218,609.0,tremor
1219,609.5,no_tremor
1220,610.0,no_tremor
1221,610.5,tremor
1222,611.0,no_tremor
1223,611.5,no_tremor
1224,612.0,no_tremor
1225,612.5,no_tremor
1226,613.0,no_tremor
1227,613.5,no_tremor
1228,614.0,tremor
1229,614.5,tremor
1230,615.0,tremor
1231,615.5,no_tremor
1232,616.0,no_tremor
1233,616.5,no_tremor
1234,617.0,tremor
1235,617.5,no_tremor
1236,618.0,no_tremor
1237,618.5,no_tremor
1238,619.0,no_tremor
1239,619.5,tremor
1240,620.0,tremor
1241,620.5,tremor
1242,621.0,no_tremor
1243,621.5,tremor
1244,622.0,no_tremor
2399,622.5,no_tremor.flat
1245,623.0,tremor
1246,623.5,no_tremor
1247,624.0,tremor
1248,624.5,no_tremor
1249,625.0,tremor
1250,625.5,tremor
1251,626.0,tremor
1252,626.5,no_tremor
1253,627.0,tremor
1254,627.5,no_tremor
1255,628.0,tremor
1256,628.5,tremor
1257,629.0,tremor
1258,629.5,tremor
1259,630.0,tremor
1260,630.5,tremor
1261,631.0,no_tremor
1262,631.5,tremor
1263,632.0,no_tremor
1264,632.5,no_tremor
1265,633.0,tremor
1266,633.5,no_tremor
1267,634.0,no_tremor
1268,634.5,no_tremor
1269,635.0,no_tremor
1270,635.5,tremor
1271,636.0,no_tremor
1272,636.5,no_tremor
1273,637.0,tremor
1274,637.5,no_tremor
1275,638.0,tremor
1276,638.5,no_tremor
1277,639.0,tremor
1278,639.5,tremor
1279,640.0,no_tremor
1280,640.5,no_tremor
1281,641.0,tremor
1282,641.5,tremor
1283,642.0,tremor
1284,642.5,tremor
1285,643.0,no_tremor
1286,643.5,no_tremor
1287,644.0,no_tremor
1288,644.5,no_tremor
1289,645.0,no_tremor
1290,645.5,no_tremor
1291,646.0,tremor
1292,646.5,no_tremor
1293,647.0,no_tremor
1294,647.5,no_tremor
1295,648.0,tremor
1296,648.5,tremor
1297,649.0,tremor
1298,649.5,no_tremor
1299,650.0,no_tremor
1300,650.5,no_tremor
1301,651.0,no_tremor
1302,651.5,tremor
1303,652.0,tremor
1304,652.5,tremor
1305,653.0,tremor
1306,653.5,tremor
1307,654.0,tremor
1308,654.5,tremor
1309,655.0,tremor
1310,655.5,tremor
1311,656.0,no_tremor
1312,656.5,tremor
1313,657.0,tremor
1314,657.5,tremor
1315,658.0,tremor
1316,658.5,tremor
1317,659.0,tremor
1318,659.5,no_tremor
1319,660.0,tremor
1320,660.5,no_tremor
1321,661.0,tremor
1322,661.5,no_tremor
1323,662.0,tremor
1324,662.5,no_tremor
1325,663.0,no_tremor
1326,663.5,no_tremor
1327,664.0,no_tremor
1328,664.5,tremor
1329,665.0,tremor
1330,665.5,tremor
1331,666.0,tremor
1332,666.5,tremor
1333,667.0,tremor
1334,667.5,tremor
1335,668.0,tremor
1336,668.5,tremor
1337,669.0,tremor
1338,669.5,tremor
1339,670.0,tremor
1340,670.5,tremor
1341,671.0,tremor
1342,671.5,tremor
1343,672.0,tremor
1344,672.5,tremor
1345,673.0,tremor
1346,673.5,tremor
1347,674.0,tremor
1348,674.5,no_tremor
1349,675.0,no_tremor
1350,675.5,no_tremor
1351,676.0,tremor
1352,676.5,no_tremor
1353,677.0,no_tremor
1354,677.5,tremor
1355,678.0,tremor
1356,678.5,tremor
1357,679.0,tremor
1358,679.5,no_tremor
1359,680.0,no_tremor
1360,680.5,no_tremor
1361,681.0,tremor
1362,681.5,no_tremor
1363,682.0,no_tremor
1364,682.5,tremor
1365,683.0,no_tremor
1366,683.5,no_tremor
1367,684.0,no_tremor
1368,684.5,no_tremor
1369,685.0,tremor
1370,685.5,no_tremor
1371,686.0,tremor
1372,686.5,no_tremor
1373,687.0,no_tremor
1374,687.5,tremor
1375,688.0,tremor
1376,688.5,tremor
1377,689.0,no_tremor
1378,689.5,no_tremor
1379,690.0,no_tremor
1380,690.5,tremor
1381,691.0,no_tremor
1382,691.5,tremor
1383,692.0,tremor
1384,692.5,no_tremor
1385,693.0,no_tremor
1386,693.5,no_tremor
1387,694.0,tremor
1388,694.5,tremor
1389,695.0,tremor
1390,695.5,tremor
1391,696.0,tremor
1392,696.5,tremor
1393,697.0,no_tremor
1394,697.5,tremor
1395,698.0,tremor
1396,698.5,tremor
1397,699.0,tremor
1398,699.5,tremor
1399,700.0,tremor
1400,700.5,tremor
1401,701.0,tremor
1402,701.5,tremor
1403,702.0,tremor
1404,702.5,tremor
1405,703.0,tremor
1406,703.5,tremor
1407,704.0,tremor
1408,704.5,tremor
1409,705.0,tremor
1410,705.5,tremor
1411,706.0,tremor
1412,706.5,tremor
1413,707.0,tremor
1414,707.5,tremor
1415,708.0,no_tremor
1416,708.5,tremor
1417,709.0,tremor
1418,709.5,no_tremor
1419,710.0,tremor
1420,710.5,tremor
1421,711.0,tremor
1422,711.5,tremor
1423,712.0,tremor
1424,712.5,tremor
1425,713.0,tremor
1426,713.5,tremor
1427,714.0,tremor
1428,714.5,tremor
1429,715.0,tremor
1430,715.5,tremor
1431,716.0,tremor
1432,716.5,no_tremor
1433,717.0,tremor
1434,717.5,no_tremor
1435,718.0,tremor
1436,718.5,tremor
1437,719.0,tremor
1438,719.5,tremor
1439,720.0,tremor
1440,720.5,no_tremor
1441,721.0,tremor
1442,721.5,tremor
1443,722.0,tremor
1444,722.5,no_tremor
1445,723.0,tremor
1446,723.5,no_tremor
1447,724.0,tremor
1448,724.5,no_tremor
1449,725.0,no_tremor
1450,725.5,tremor
1451,726.0,no_tremor
1452,726.5,tremor
1453,727.0,tremor
1454,727.5,no_tremor
1455,728.0,no_tremor
1456,728.5,no_tremor
1457,729.0,no_tremor
1458,729.5,no_tremor
1459,730.0,no_tremor
1460,730.5,tremor
1461,731.0,tremor
1462,731.5,no_tremor
1463,732.0,tremor
1464,732.5,tremor
1465,733.0,tremor
1466,733.5,tremor
1467,734.0,tremor
1468,734.5,no_tremor
1469,735.0,no_tremor
1470,735.5,no_tremor
1471,736.0,no_tremor
1472,736.5,no_tremor
1473,737.0,no_tremor
1474,737.5,tremor
1475,738.0,no_tremor
1476,738.5,no_tremor
1477,739.0,no_tremor
1478,739.5,no_tremor
1479,740.0,tremor
1480,740.5,tremor
1481,741.0,no_tremor
1482,741.5,no_tremor
1483,742.0,no_tremor
1484,742.5,no_tremor
1485,743.0,no_tremor
1486,743.5,no_tremor
1487,744.0,no_tremor
1488,744.5,no_tremor
1489,745.0,no_tremor
1490,745.5,tremor
1491,746.0,no_tremor
1492,746.5,no_tremor
1493,747.0,tremor
1494,747.5,tremor
1495,748.0,tremor
1496,748.5,tremor
1497,749.0,tremor
1498,749.5,tremor
1499,750.0,tremor
1500,750.5,tremor
1501,751.0,tremor
1502,751.5,tremor
1503,752.0,tremor
1504,752.5,no_tremor
1505,753.0,no_tremor
1506,753.5,no_tremor
1507,754.0,tremor
1508,754.5,tremor
1509,755.0,tremor
1510,755.5,tremor
1511,756.0,tremor
1512,756.5,tremor
1513,757.0,tremor
1514,757.5,tremor
1515,758.0,tremor
1516,758.5,tremor
1517,759.0,tremor
1518,759.5,tremor
1519,760.0,tremor
1520,760.5,tremor
1521,761.0,tremor
1522,761.5,tremor
1523,762.0,no_tremor
1524,762.5,no_tremor
1525,763.0,tremor
1526,763.5,no_tremor
1527,764.0,no_tremor
1528,764.5,no_tremor
1529,765.0,no_tremor
1530,765.5,tremor
1531,766.0,no_tremor
1532,766.5,no_tremor
1533,767.0,no_tremor
1534,767.5,tremor
1535,768.0,tremor
1536,768.5,no_tremor
1537,769.0,no_tremor
1538,769.5,no_tremor
1539,770.0,no_tremor
1540,770.5,no_tremor
1541,771.0,no_tremor
1542,771.5,no_tremor
1543,772.0,tremor
1544,772.5,tremor
1545,773.0,tremor
1546,773.5,no_tremor
1547,774.0,tremor
1548,774.5,tremor
1549,775.0,no_tremor
1550,775.5,tremor
1551,776.0,no_tremor
1552,776.5,no_tremor
1553,777.0,no_tremor
1554,777.5,no_tremor
1555,778.0,tremor
1556,778.5,no_tremor
1557,779.0,no_tremor
1558,779.5,no_tremor
1559,780.0,tremor
1560,780.5,tremor
1561,781.0,tremor
1562,781.5,tremor
1563,782.0,tremor
1564,782.5,no_tremor
1565,783.0,no_tremor
1566,783.5,tremor
1567,784.0,no_tremor
1568,784.5,no_tremor
1569,785.0,no_tremor
1570,785.5,no_tremor
1571,786.0,tremor
1572,786.5,no_tremor
1573,787.0,tremor
1574,787.5,tremor
1575,788.0,no_tremor
1576,788.5,no_tremor
1577,789.0,no_tremor
1578,789.5,no_tremor
1579,790.0,no_tremor
1580,790.5,no_tremor
1581,791.0,no_tremor
1582,791.5,no_tremor
1583,792.0,no_tremor
1584,792.5,no_tremor
1585,793.0,no_tremor
1586,793.5,tremor
1587,794.0,no_tremor
1588,794.5,tremor
1589,795.0,tremor
1590,795.5,tremor
1591,796.0,tremor
1592,796.5,no_tremor
1593,797.0,no_tremor
1594,797.5,no_tremor
1595,798.0,no_tremor
1596,798.5,no_tremor
1597,799.0,no_tremor
1598,799.5,no_tremor
1599,800.0,no_tremor
1600,800.5,no_tremor
1601,801.0,no_tremor
1602,801.5,no_tremor
1603,802.0,no_tremor
1604,802.5,no_tremor
1605,803.0,no_tremor
1606,803.5,tremor
1607,804.0,no_tremor
1608,804.5,no_tremor
1609,805.0,tremor
1610,805.5,no_tremor
1611,806.0,no_tremor
1612,806.5,no_tremor
1613,807.0,no_tremor
1614,807.5,no_tremor
1615,808.0,no_tremor
1616,808.5,no_tremor
1617,809.0,tremor
1618,809.5,tremor
1619,810.0,no_tremor
1620,810.5,tremor
1621,811.0,no_tremor
1622,811.5,tremor
1623,812.0,no_tremor
1624,812.5,tremor
1625,813.0,tremor
1626,813.5,tremor
1627,814.0,tremor
1628,814.5,tremor
1629,815.0,no_tremor
1630,815.5,tremor
1631,816.0,tremor
1632,816.5,no_tremor
1633,817.0,tremor
1634,817.5,tremor
1635,818.0,tremor
1636,818.5,tremor
1637,819.0,tremor
1638,819.5,tremor
1639,820.0,tremor
1640,820.5,tremor
1641,821.0,no_tremor
1642,821.5,tremor
1643,822.0,tremor
1644,822.5,tremor
1645,823.0,no_tremor
1646,823.5,tremor
1647,824.0,tremor
1648,824.5,tremor
1649,825.0,tremor
1650,825.5,tremor
1651,826.0,tremor
1652,826.5,tremor
1653,827.0,tremor
1654,827.5,no_tremor
1655,828.0,no_tremor
1656,828.5,no_tremor
1657,829.0,no_tremor
1658,829.5,no_tremor
1659,830.0,no_tremor
1660,830.5,tremor
1661,831.0,no_tremor
1662,831.5,no_tremor
1663,832.0,no_tremor
1664,832.5,no_tremor
1665,833.0,no_tremor
1666,833.5,no_tremor
1667,834.0,no_tremor
1668,834.5,no_tremor
1669,835.0,no_tremor
1670,835.5,no_tremor
1671,836.0,no_tremor
1672,836.5,no_tremor
1673,837.0,no_tremor
1674,837.5,no_tremor
1675,838.0,no_tremor
1676,838.5,no_tremor
1677,839.0,tremor
1678,839.5,tremor
1679,840.0,tremor
1680,840.5,no_tremor
1681,841.0,no_tremor
1682,841.5,no_tremor
1683,842.0,no_tremor
1684,842.5,no_tremor
1685,843.0,no_tremor
1686,843.5,no_tremor
1687,844.0,no_tremor
1688,844.5,no_tremor
1689,845.0,no_tremor
1690,845.5,no_tremor
1691,846.0,no_tremor
1692,846.5,no_tremor
1693,847.0,no_tremor
1694,847.5,no_tremor
1695,848.0,no_tremor
1696,848.5,no_tremor
1697,849.0,no_tremor
1698,849.5,no_tremor
1699,850.0,no_tremor
1700,850.5,tremor
1701,851.0,no_tremor
1702,851.5,no_tremor
1703,852.0,tremor
1704,852.5,tremor
1705,853.0,tremor
1706,853.5,tremor
1707,854.0,tremor
1708,854.5,tremor
1709,855.0,tremor
1710,855.5,tremor
1711,856.0,tremor
1712,856.5,no_tremor
1713,857.0,no_tremor
1714,857.5,no_tremor
1715,858.0,no_tremor
1716,858.5,tremor
1717,859.0,no_tremor
1718,859.5,no_tremor
1719,860.0,tremor
1720,860.5,no_tremor
1721,861.0,no_tremor
1722,861.5,no_tremor
1723,862.0,no_tremor
1724,862.5,no_tremor
1725,863.0,no_tremor
1726,863.5,no_tremor
1727,864.0,no_tremor
1728,864.5,no_tremor
1729,865.0,no_tremor
1730,865.5,no_tremor
1731,866.0,no_tremor
1732,866.5,no_tremor
1733,867.0,no_tremor
1734,867.5,no_tremor
1735,868.0,tremor
1736,868.5,tremor
1737,869.0,no_tremor
1738,869.5,no_tremor
1739,870.0,no_tremor
1740,870.5,no_tremor
1741,871.0,no_tremor
1742,871.5,no_tremor
1743,872.0,no_tremor
1744,872.5,no_tremor
1745,873.0,no_tremor
1746,873.5,no_tremor
1747,874.0,no_tremor
1748,874.5,tremor
1749,875.0,no_tremor
1750,875.5,no_tremor
1751,876.0,tremor
1752,876.5,tremor
1753,877.0,tremor
1754,877.5,tremor
1755,878.0,tremor
1756,878.5,tremor
1757,879.0,tremor
1758,879.5,tremor
1759,880.0,tremor
1760,880.5,tremor
1761,881.0,tremor
1762,881.5,tremor
1763,882.0,tremor
1764,882.5,tremor
1765,883.0,tremor
1766,883.5,no_tremor
1767,884.0,tremor
1768,884.5,tremor
1769,885.0,tremor
1770,885.5,no_tremor
1771,886.0,no_tremor
1772,886.5,no_tremor
1773,887.0,no_tremor
1774,887.5,no_tremor
1775,888.0,no_tremor
1776,888.5,no_tremor
1777,889.0,tremor
1778,889.5,no_tremor
1779,890.0,no_tremor
1780,890.5,no_tremor
1781,891.0,no_tremor
1782,891.5,no_tremor
1783,892.0,no_tremor
1784,892.5,no_tremor
1785,893.0,no_tremor
1786,893.5,no_tremor
1787,894.0,no_tremor
1788,894.5,no_tremor
1789,895.0,no_tremor
1790,895.5,tremor
1791,896.0,no_tremor
1792,896.5,tremor
1793,897.0,no_tremor
1794,897.5,no_tremor
1795,898.0,tremor
1796,898.5,tremor
1797,899.0,tremor
1798,899.5,tremor
1799,900.0,no_tremor
1800,900.5,no_tremor
1801,901.0,tremor
1802,901.5,tremor
1803,902.0,no_tremor
1804,902.5,no_tremor
1805,903.0,no_tremor
1806,903.5,no_tremor
1807,904.0,no_tremor
1808,904.5,tremor
1809,905.0,no_tremor
1810,905.5,no_tremor
1811,906.0,tremor
1812,906.5,no_tremor
1813,907.0,no_tremor
1814,907.5,no_tremor
1815,908.0,no_tremor
1816,908.5,no_tremor
1817,909.0,no_tremor
1818,909.5,no_tremor
1819,910.0,no_tremor
1820,910.5,no_tremor
1821,911.0,no_tremor
1822,911.5,no_tremor
1823,912.0,no_tremor
1824,912.5,no_tremor
1825,913.0,no_tremor
1826,913.5,no_tremor
1827,914.0,no_tremor
1828,914.5,no_tremor
1829,915.0,no_tremor
1830,915.5,no_tremor
1831,916.0,tremor
1832,916.5,tremor
1833,917.0,tremor
1834,917.5,tremor
1835,918.0,no_tremor
1836,918.5,tremor
1837,919.0,tremor
1838,919.5,tremor
1839,920.0,tremor
1840,920.5,tremor
1841,921.0,tremor
1842,921.5,tremor
1843,922.0,tremor
1844,922.5,tremor
1845,923.0,tremor
1846,923.5,tremor
1847,924.0,tremor
1848,924.5,tremor
1849,925.0,tremor
1850,925.5,tremor
1851,926.0,tremor
1852,926.5,no_tremor
1853,927.0,no_tremor
1854,927.5,tremor
1855,928.0,tremor
1856,928.5,tremor
1857,929.0,tremor
1858,929.5,tremor
1859,930.0,tremor
1860,930.5,tremor
1861,931.0,tremor
1862,931.5,tremor
1863,932.0,tremor
1864,932.5,tremor
1865,933.0,tremor
1866,933.5,tremor
1867,934.0,tremor
1868,934.5,tremor
1869,935.0,tremor
1870,935.5,tremor
1871,936.0,tremor
1872,936.5,tremor
1873,937.0,tremor
1874,937.5,tremor
1875,938.0,tremor
1876,938.5,tremor
1877,939.0,tremor
1878,939.5,tremor
1879,940.0,tremor
1880,940.5,tremor
1881,941.0,tremor
1882,941.5,tremor
1883,942.0,tremor
1884,942.5,tremor
1885,943.0,no_tremor
1886,943.5,no_tremor
1887,944.0,no_tremor
1888,944.5,no_tremor
1889,945.0,no_tremor
1890,945.5,no_tremor
1891,946.0,no_tremor
1892,946.5,no_tremor
1893,947.0,no_tremor
1894,947.5,no_tremor
1895,948.0,no_tremor
1896,948.5,tremor
1897,949.0,no_tremor
1898,949.5,no_tremor
1899,950.0,no_tremor
1900,950.5,tremor
1901,951.0,tremor
1902,951.5,tremor
1903,952.0,tremor
1904,952.5,tremor
1905,953.0,tremor
1906,953.5,tremor
1907,954.0,tremor
1908,954.5,tremor
1909,955.0,tremor
1910,955.5,tremor
1911,956.0,tremor
1912,956.5,tremor
1913,957.0,tremor
1914,957.5,tremor
1915,958.0,tremor
1916,958.5,tremor
1917,959.0,tremor
1918,959.5,tremor
1919,960.0,tremor
1920,960.5,tremor
1921,961.0,tremor
1922,961.5,tremor
1923,962.0,tremor
1924,962.5,tremor
1925,963.0,tremor
1926,963.5,tremor
1927,964.0,tremor
1928,964.5,no_tremor
1929,965.0,tremor
1930,965.5,tremor
1931,966.0,tremor
1932,966.5,tremor
1933,967.0,tremor
1934,967.5,tremor
1935,968.0,tremor
1936,968.5,tremor
1937,969.0,tremor
1938,969.5,tremor
1939,970.0,tremor
1940,970.5,tremor
1941,971.0,tremor
1942,971.5,no_tremor
1943,972.0,no_tremor
1944,972.5,no_tremor
1945,973.0,no_tremor
1946,973.5,no_tremor
1947,974.0,no_tremor
1948,974.5,no_tremor
1949,975.0,no_tremor
1950,975.5,tremor
1951,976.0,no_tremor
1952,976.5,tremor
1953,977.0,tremor
1954,977.5,tremor
1955,978.0,tremor
1956,978.5,tremor
1957,979.0,tremor
1958,979.5,no_tremor
1959,980.0,tremor
1960,980.5,no_tremor
1961,981.0,no_tremor
1962,981.5,no_tremor
1963,982.0,tremor
1964,982.5,no_tremor
1965,983.0,no_tremor
1966,983.5,no_tremor
1967,984.0,no_tremor
1968,984.5,no_tremor
1969,985.0,no_tremor
1970,985.5,tremor
1971,986.0,no_tremor
1972,986.5,tremor
1973,987.0,tremor
1974,987.5,no_tremor
1975,988.0,no_tremor
1976,988.5,tremor
1977,989.0,tremor
1978,989.5,tremor
1979,990.0,no_tremor
1980,990.5,no_tremor
1981,991.0,no_tremor
1982,991.5,tremor
1983,992.0,tremor
1984,992.5,no_tremor
1985,993.0,no_tremor
1986,993.5,tremor
1987,994.0,no_tremor
1988,994.5,no_tremor
1989,995.0,no_tremor
1990,995.5,no_tremor
1991,996.0,no_tremor
1992,996.5,tremor
1993,997.0,tremor
1994,997.5,tremor
1995,998.0,no_tremor
1996,998.5,no_tremor
1997,999.0,no_tremor
1998,999.5,no_tremor
1999,1000.0,no_tremor
2000,1000.5,tremor
2001,1001.0,no_tremor
2002,1001.5,no_tremor
2003,1002.0,tremor
2004,1002.5,tremor
2005,1003.0,no_tremor
2006,1003.5,tremor
2007,1004.0,no_tremor
2008,1004.5,tremor
2009,1005.0,no_tremor
2010,1005.5,no_tremor
2011,1006.0,no_tremor
2012,1006.5,no_tremor
2013,1007.0,no_tremor
2014,1007.5,no_tremor
2015,1008.0,no_tremor
2016,1008.5,no_tremor
2017,1009.0,tremor
2018,1009.5,tremor
2019,1010.0,no_tremor
2020,1010.5,tremor
2021,1011.0,no_tremor
2022,1011.5,tremor
2023,1012.0,tremor
2024,1012.5,tremor
2025,1013.0,no_tremor
2026,1013.5,tremor
2027,1014.0,tremor
2028,1014.5,no_tremor
2029,1015.0,no_tremor
2030,1015.5,tremor
2031,1016.0,no_tremor
2032,1016.5,no_tremor
2033,1017.0,no_tremor
2034,1017.5,no_tremor
2035,1018.0,no_tremor
2036,1018.5,tremor
2037,1019.0,tremor
2038,1019.5,tremor
2039,1020.0,tremor
2040,1020.5,no_tremor
2041,1021.0,tremor
2042,1021.5,no_tremor
2043,1022.0,no_tremor
2044,1022.5,tremor
2045,1023.0,no_tremor
2046,1023.5,no_tremor
2047,1024.0,tremor
2048,1024.5,no_tremor
2049,1025.0,no_tremor
2050,1025.5,no_tremor
2051,1026.0,no_tremor
2052,1026.5,no_tremor
2053,1027.0,no_tremor
2054,1027.5,no_tremor
2055,1028.0,no_tremor
2056,1028.5,no_tremor
2057,1029.0,no_tremor
2058,1029.5,no_tremor
2059,1030.0,no_tremor
2060,1030.5,no_tremor
2061,1031.0,tremor
2062,1031.5,no_tremor
2063,1032.0,no_tremor
2064,1032.5,no_tremor
2065,1033.0,no_tremor
2066,1033.5,no_tremor
2067,1034.0,tremor
2068,1034.5,tremor
2069,1035.0,tremor
2070,1035.5,tremor
2071,1036.0,tremor
2072,1036.5,tremor
2073,1037.0,no_tremor
2074,1037.5,tremor
2075,1038.0,no_tremor
2076,1038.5,no_tremor
2077,1039.0,no_tremor
2078,1039.5,no_tremor
2079,1040.0,no_tremor
2080,1040.5,no_tremor
2081,1041.0,no_tremor
2082,1041.5,no_tremor
2083,1042.0,no_tremor
2084,1042.5,no_tremor
2085,1043.0,no_tremor
2086,1043.5,no_tremor
2087,1044.0,tremor
2088,1044.5,no_tremor
2089,1045.0,tremor
2090,1045.5,no_tremor
2091,1046.0,tremor
2092,1046.5,no_tremor
2093,1047.0,tremor
2094,1047.5,tremor
2095,1048.0,tremor
2096,1048.5,no_tremor
2097,1049.0,tremor
2098,1049.5,tremor
2099,1050.0,tremor
2100,1050.5,no_tremor
2101,1051.0,no_tremor
2102,1051.5,tremor
2103,1052.0,no_tremor
2104,1052.5,no_tremor
2105,1053.0,no_tremor
2106,1053.5,no_tremor
2107,1054.0,no_tremor
2108,1054.5,tremor
2109,1055.0,tremor
2110,1055.5,no_tremor
2111,1056.0,no_tremor
2112,1056.5,no_tremor
2113,1057.0,no_tremor
2114,1057.5,no_tremor
2115,1058.0,no_tremor
2116,1058.5,no_tremor
2117,1059.0,no_tremor
2118,1059.5,no_tremor
2119,1060.0,no_tremor
2120,1060.5,no_tremor
2121,1061.0,no_tremor
2122,1061.5,no_tremor
2123,1062.0,no_tremor
2124,1062.5,tremor
2125,1063.0,no_tremor
2126,1063.5,no_tremor
2127,1064.0,no_tremor
2128,1064.5,no_tremor
2129,1065.0,no_tremor
2130,1065.5,no_tremor
2131,1066.0,no_tremor
2132,1066.5,no_tremor
2133,1067.0,no_tremor
2134,1067.5,no_tremor
2135,1068.0,no_tremor
2136,1068.5,no_tremor
2137,1069.0,no_tremor
2138,1069.5,no_tremor
2139,1070.0,no_tremor
2140,1070.5,tremor
2141,1071.0,tremor
2142,1071.5,no_tremor
2143,1072.0,no_tremor
2144,1072.5,no_tremor
2145,1073.0,no_tremor
2146,1073.5,no_tremor
2147,1074.0,no_tremor
2148,1074.5,no_tremor
2149,1075.0,no_tremor
2150,1075.5,no_tremor
2151,1076.0,no_tremor
2152,1076.5,no_tremor
2153,1077.0,no_tremor
2154,1077.5,no_tremor
2155,1078.0,no_tremor
2156,1078.5,no_tremor
2157,1079.0,no_tremor
2158,1079.5,no_tremor
2159,1080.0,no_tremor
2160,1080.5,no_tremor
2161,1081.0,no_tremor
2162,1081.5,no_tremor
2163,1082.0,no_tremor
2164,1082.5,no_tremor
2165,1083.0,no_tremor
2166,1083.5,tremor
2167,1084.0,tremor
2168,1084.5,no_tremor
2169,1085.0,no_tremor
2170,1085.5,no_tremor
2171,1086.0,tremor
2172,1086.5,no_tremor
2173,1087.0,tremor
2174,1087.5,tremor
2175,1088.0,no_tremor
2176,1088.5,no_tremor
2177,1089.0,no_tremor
2178,1089.5,no_tremor
2179,1090.0,no_tremor
2180,1090.5,tremor
2181,1091.0,tremor
2182,1091.5,no_tremor
2183,1092.0,no_tremor
2184,1092.5,tremor
2185,1093.0,no_tremor
2186,1093.5,no_tremor
2187,1094.0,no_tremor
2188,1094.5,no_tremor
2189,1095.0,no_tremor
2190,1095.5,tremor
2191,1096.0,no_tremor
2192,1096.5,no_tremor
2193,1097.0,no_tremor
2194,1097.5,no_tremor
2195,1098.0,no_tremor
2196,1098.5,no_tremor
2197,1099.0,no_tremor
2198,1099.5,no_tremor
2199,1100.0,no_tremor
2200,1100.5,no_tremor
2201,1101.0,no_tremor
2202,1101.5,no_tremor
2203,1102.0,tremor
2204,1102.5,no_tremor
2205,1103.0,no_tremor
2206,1103.5,no_tremor
2207,1104.0,no_tremor
2208,1104.5,no_tremor
2209,1105.0,no_tremor
2210,1105.5,tremor
2211,1106.0,tremor
2212,1106.5,no_tremor
2213,1107.0,tremor
2214,1107.5,no_tremor
2215,1108.0,no_tremor
2216,1108.5,no_tremor
2217,1109.0,no_tremor
2218,1109.5,no_tremor
2219,1110.0,no_tremor
2220,1110.5,no_tremor
2221,1111.0,no_tremor
2222,1111.5,no_tremor
2223,1112.0,no_tremor
2224,1112.5,no_tremor
2225,1113.0,no_tremor
2226,1113.5,no_tremor
2227,1114.0,no_tremor
2228,1114.5,no_tremor
2229,1115.0,no_tremor
2230,1115.5,no_tremor
2231,1116.0,no_tremor
2232,1116.5,no_tremor
2233,1117.0,no_tremor
2234,1117.5,no_tremor
2235,1118.0,no_tremor
2236,1118.5,no_tremor
2237,1119.0,no_tremor
2238,1119.5,no_tremor
2239,1120.0,no_tremor
2240,1120.5,no_tremor
2241,1121.0,no_tremor
2242,1121.5,no_tremor
2243,1122.0,no_tremor
2244,1122.5,no_tremor
2245,1123.0,no_tremor
2246,1123.5,no_tremor
2247,1124.0,no_tremor
2248,1124.5,no_tremor
2249,1125.0,no_tremor
2250,1125.5,no_tremor
2251,1126.0,no_tremor
2252,1126.5,no_tremor
2253,1127.0,no_tremor
2254,1127.5,no_tremor
2255,1128.0,no_tremor
2256,1128.5,no_tremor
2257,1129.0,no_tremor
2258,1129.5,no_tremor
2259,1130.0,no_tremor
2260,1130.5,no_tremor
2261,1131.0,no_tremor
2262,1131.5,no_tremor
2263,1132.0,no_tremor
2264,1132.5,no_tremor
2265,1133.0,no_tremor
2266,1133.5,no_tremor
2267,1134.0,no_tremor
2268,1134.5,no_tremor
2269,1135.0,no_tremor
2270,1135.5,no_tremor
2271,1136.0,no_tremor
2272,1136.5,no_tremor
2273,1137.0,no_tremor
2274,1137.5,no_tremor
2275,1138.0,no_tremor
2276,1138.5,no_tremor
2277,1139.0,no_tremor
2278,1139.5,no_tremor
2279,1140.0,no_tremor
2280,1140.5,no_tremor
2281,1141.0,tremor
2282,1141.5,tremor
2283,1142.0,tremor
2284,1142.5,tremor
2285,1143.0,tremor
2286,1143.5,tremor
2287,1144.0,tremor
2288,1144.5,tremor
2289,1145.0,tremor
2290,1145.5,tremor
2291,1146.0,tremor
2292,1146.5,tremor
2293,1147.0,tremor
2294,1147.5,tremor
2295,1148.0,tremor
2296,1148.5,tremor
2297,1149.0,tremor
2298,1149.5,tremor
2299,1150.0,tremor
2300,1150.5,no_tremor
2301,1151.0,no_tremor
2302,1151.5,tremor
2303,1152.0,tremor
2304,1152.5,tremor
2305,1153.0,tremor
2306,1153.5,tremor
2307,1154.0,tremor
2308,1154.5,tremor
2309,1155.0,tremor
2310,1155.5,tremor
2311,1156.0,tremor
2312,1156.5,tremor
2313,1157.0,tremor
2314,1157.5,tremor
2315,1158.0,tremor
2316,1158.5,tremor
2317,1159.0,tremor
2318,1159.5,tremor
2319,1160.0,tremor
2320,1160.5,tremor
2321,1161.0,tremor
2322,1161.5,no_tremor
2323,1162.0,no_tremor
2324,1162.5,tremor
2325,1163.0,tremor
2326,1163.5,tremor
2327,1164.0,tremor
2328,1164.5,tremor
2329,1165.0,tremor
2330,1165.5,tremor
2331,1166.0,tremor
2332,1166.5,tremor
2333,1167.0,tremor
2334,1167.5,tremor
2335,1168.0,tremor
2336,1168.5,tremor
2337,1169.0,tremor
2338,1169.5,tremor
2339,1170.0,tremor
2340,1170.5,tremor
2341,1171.0,no_tremor
2342,1171.5,tremor
2343,1172.0,tremor
2344,1172.5,tremor
2345,1173.0,tremor
2346,1173.5,tremor
2347,1174.0,tremor
2348,1174.5,tremor
2349,1175.0,tremor
2350,1175.5,tremor
2351,1176.0,tremor
2352,1176.5,tremor
2353,1177.0,tremor
2354,1177.5,tremor
2355,1178.0,tremor
2356,1178.5,tremor
2357,1179.0,tremor
2358,1179.5,tremor
2359,1180.0,tremor
2360,1180.5,tremor
2361,1181.0,tremor
2362,1181.5,tremor
2363,1182.0,tremor
2364,1182.5,tremor
2365,1183.0,no_tremor
2366,1183.5,tremor
2367,1184.0,tremor
2368,1184.5,tremor
2369,1185.0,tremor
2370,1185.5,tremor
2371,1186.0,tremor
2372,1186.5,tremor
2373,1187.0,tremor
2374,1187.5,tremor
2375,1188.0,tremor
2376,1188.5,tremor
2377,1189.0,tremor
2378,1189.5,tremor
2379,1190.0,tremor
2380,1190.5,tremor
2381,1191.0,tremor
2382,1191.5,no_tremor
2383,1192.0,no_tremor
2384,1192.5,tremor
2385,1193.0,tremor
2386,1193.5,tremor
2387,1194.0,no_tremor
2388,1194.5,tremor
2389,1195.0,tremor
2390,1195.5,tremor
2391,1196.0,tremor
2392,1196.5,tremor
2393,1197.0,tremor
2394,1197.5,tremor
2395,1198.0,tremor
2396,1198.5,tremor
2397,1199.0,tremor
2398,1199.5,tremor
